<?xml version='1.0' encoding='UTF-8'?><!-- Published by JAX-WS RI at http://jax-ws.dev.java.net. RI's version is Metro/2.1.1-b09 (branches/2.1-6834; 2011-07-16T17:14:48+0000) JAXWS-RI/2.2.5-promoted-b04 JAXWS/2.2. --><!-- Generated by JAX-WS RI at http://jax-ws.dev.java.net. RI's version is Metro/2.1.1-b09 (branches/2.1-6834; 2011-07-16T17:14:48+0000) JAXWS-RI/2.2.5-promoted-b04 JAXWS/2.2. --><definitions xmlns:wsu="http://docs.oasis-open.org/wss/2004/01/oasis-200401-wss-wssecurity-utility-1.0.xsd" xmlns:wsp="http://www.w3.org/ns/ws-policy" xmlns:wsp1_2="http://schemas.xmlsoap.org/ws/2004/09/policy" xmlns:wsam="http://www.w3.org/2007/05/addressing/metadata" xmlns:soap="http://schemas.xmlsoap.org/wsdl/soap/" xmlns:tns="http://ws.AuctionApp.oracle.bonbhel.com/" xmlns:xsd="http://www.w3.org/2001/XMLSchema" xmlns="http://schemas.xmlsoap.org/wsdl/" targetNamespace="http://ws.AuctionApp.oracle.bonbhel.com/" name="AuctionAppSOAPws" xmlns:sc="http://schemas.sun.com/2006/03/wss/client" xmlns:wspp="http://java.sun.com/xml/ns/wsit/policy">
<types>
<xsd:schema>
<xsd:import namespace="http://ws.AuctionApp.oracle.bonbhel.com/" schemaLocation="http://localhost:8080/AuctionApp/AuctionAppSOAPws?xsd=1"/>
</xsd:schema>
</types>
<message name="extrapolateAmountBid">
<part name="parameters" element="tns:extrapolateAmountBid"/>
</message>
<message name="extrapolateAmountBidResponse">
<part name="parameters" element="tns:extrapolateAmountBidResponse"/>
</message>
<message name="hello">
<part name="parameters" element="tns:hello"/>
</message>
<message name="helloResponse">
<part name="parameters" element="tns:helloResponse"/>
</message>
<portType name="AuctionAppSOAPws">
<operation name="extrapolateAmountBid">
<input wsam:Action="http://ws.AuctionApp.oracle.bonbhel.com/AuctionAppSOAPws/extrapolateAmountBidRequest" message="tns:extrapolateAmountBid"/>
<output wsam:Action="http://ws.AuctionApp.oracle.bonbhel.com/AuctionAppSOAPws/extrapolateAmountBidResponse" message="tns:extrapolateAmountBidResponse"/>
</operation>
<operation name="hello">
<input wsam:Action="http://ws.AuctionApp.oracle.bonbhel.com/AuctionAppSOAPws/helloRequest" message="tns:hello"/>
<output wsam:Action="http://ws.AuctionApp.oracle.bonbhel.com/AuctionAppSOAPws/helloResponse" message="tns:helloResponse"/>
</operation>
</portType>
<binding name="AuctionAppSOAPwsPortBinding" type="tns:AuctionAppSOAPws">
    <wsp:PolicyReference URI="#AuctionAppSOAPwsPortBindingPolicy"/>
    <soap:binding transport="http://schemas.xmlsoap.org/soap/http" style="document"/>
<operation name="extrapolateAmountBid">
<soap:operation soapAction=""/>
<input>
<soap:body use="literal"/>
</input>
<output>
<soap:body use="literal"/>
</output>
</operation>
<operation name="hello">
<soap:operation soapAction=""/>
<input>
<soap:body use="literal"/>
</input>
<output>
<soap:body use="literal"/>
</output>
</operation>
</binding>
<service name="AuctionAppSOAPws">
<port name="AuctionAppSOAPwsPort" binding="tns:AuctionAppSOAPwsPortBinding">
<soap:address location="http://localhost:8080/AuctionApp/AuctionAppSOAPws"/>
</port>
</service>
    <wsp:Policy wsu:Id="AuctionAppSOAPwsPortBindingPolicy">
        <wsp:ExactlyOne>
            <wsp:All>
                <sc:KeyStore wspp:visibility="private" 
                             alias="xws-security-client" 
                             storepass="changeit" type="JKS" 
                             location="...\.netbeans\7.1.2\config\GF3_1\domain1\config\keystore.jks"/>
                <sc:TrustStore wspp:visibility="private" 
                               peeralias="xws-security-server" 
                               storepass="changeit" type="JKS" 
                               location="...\.netbeans\7.1.2\config\GF3_1\domain1\config\cacerts.jks"/>
            </wsp:All>
        </wsp:ExactlyOne>
    </wsp:Policy>
</definitions>