<?xml version="1.0" encoding="UTF-8"?> 
 <definitions 
 xmlns="http://schemas.xmlsoap.org/wsdl/" 
 xmlns:wsdl="http://schemas.xmlsoap.org/wsdl/" 
 xmlns:xsd="http://www.w3.org/2001/XMLSchema" 
 xmlns:soap="http://schemas.xmlsoap.org/wsdl/soap/" name="AuctionAppSOAPws" targetNamespace="http://ws.AuctionApp.oracle.bonbhel.com/" xmlns:tns="http://ws.AuctionApp.oracle.bonbhel.com/" xmlns:wsp="http://www.w3.org/ns/ws-policy" xmlns:wsu="http://docs.oasis-open.org/wss/2004/01/oasis-200401-wss-wssecurity-utility-1.0.xsd" xmlns:fi="http://java.sun.com/xml/ns/wsit/2006/09/policy/fastinfoset/service" xmlns:tcp="http://java.sun.com/xml/ns/wsit/2006/09/policy/soaptcp/service" xmlns:wsam="http://www.w3.org/2007/05/addressing/metadata" xmlns:sp="http://docs.oasis-open.org/ws-sx/ws-securitypolicy/200702" xmlns:sc="http://schemas.sun.com/2006/03/wss/server" xmlns:wspp="http://java.sun.com/xml/ns/wsit/policy" 
 >
    <message name="hello"/>
    <message name="helloResponse"/>
    <portType name="AuctionAppSOAPws">
        <operation name="hello">
            <input message="tns:hello"/>
            <output message="tns:helloResponse"/>
        </operation>
    </portType>
    <binding name="AuctionAppSOAPwsPortBinding" type="tns:AuctionAppSOAPws">
        <wsp:PolicyReference URI="#AuctionAppSOAPwsPortBindingPolicy"/>
        <operation name="hello">
            <input></input>
            <output></output>
        </operation>
    </binding>
    <service name="AuctionAppSOAPws">
        <port name="AuctionAppSOAPwsPort" binding="tns:AuctionAppSOAPwsPortBinding"/>
    </service>
    <wsp:Policy wsu:Id="AuctionAppSOAPwsPortBindingPolicy">
        <wsp:ExactlyOne>
            <wsp:All>
                <wsam:Addressing wsp:Optional="false"/>
                <sp:TransportBinding>
                    <wsp:Policy>
                        <sp:TransportToken>
                            <wsp:Policy>
                                <sp:HttpsToken RequireClientCertificate="true"/>
                            </wsp:Policy>
                        </sp:TransportToken>
                        <sp:Layout>
                            <wsp:Policy>
                                <sp:Lax/>
                            </wsp:Policy>
                        </sp:Layout>
                        <sp:IncludeTimestamp/>
                        <sp:AlgorithmSuite>
                            <wsp:Policy>
                                <sp:Basic128/>
                            </wsp:Policy>
                        </sp:AlgorithmSuite>
                    </wsp:Policy>
                </sp:TransportBinding>
                <sp:Wss10/>
            </wsp:All>
        </wsp:ExactlyOne>
    </wsp:Policy>
</definitions>
